hhid,cash,age35,schooling,male,nutrition
1,0,1,0,0,0.091
2,1,1,0,0,0.091
3,1,1,0,0,0.091
4,1,0,0,0,0.444
5,0,0,0,0,-1.241
6,0,0,0,0,0.669
7,0,1,0,0,0.091
8,1,1,1,0,0.895
9,0,0,0,1,-1.774
10,1,0,0,0,0.091
11,1,0,0,0,-0.743
12,1,1,0,0,-0.754
13,1,0,0,1,0.769
14,1,1,0,1,0.091
15,1,1,0,1,-0.918
16,0,1,0,1,0.895
17,1,0,0,1,-0.47
18,1,1,0,0,-0.02
19,0,1,0,0,-0.192
20,0,1,0,1,1.136
21,0,0,0,0,0.091
22,0,1,0,0,0.895
23,1,0,0,0,0.091
24,0,1,0,0,0.091
25,1,0,0,1,0.714
26,0,1,0,1,-0.242
27,1,0,0,0,0.895
28,0,1,0,0,0.091
29,0,0,0,1,0.091
30,0,1,0,0,-0.198
31,1,1,1,0,0.091
32,0,1,0,0,-0.42
33,1,0,0,0,0.091
34,1,1,0,0,0.091
35,0,1,1,0,1.698
36,1,0,1,1,-0.192
37,0,0,0,0,-1.599
38,1,1,0,0,0.895
39,0,0,0,0,0.091
40,1,0,0,0,0.091
41,1,1,0,0,0.895
42,0,0,0,1,0.895
43,0,1,0,0,-0.743
44,1,0,0,0,0.091
45,0,0,0,0,-0.192
46,1,0,0,1,-0.359
47,0,1,0,0,0.895
48,1,0,0,0,1.698
49,0,0,0,1,-2.868
50,0,0,0,0,0.895
51,0,0,0,0,0.091
52,1,0,0,0,0.091
53,0,1,0,1,0.895
54,0,0,0,1,-1.102
55,1,0,0,0,-0.584
56,0,0,0,0,1.136
57,0,1,1,0,0.091
58,1,1,0,0,-2.689
59,1,0,0,1,0.091
60,0,1,0,0,0.783
61,0,1,0,0,0.895
62,1,0,0,0,2.281
63,1,1,0,0,1.698
64,0,1,0,1,0.091
65,1,1,0,1,-0.375
66,1,0,0,1,-0.559
67,0,0,0,1,0.895
68,1,0,0,0,0.402
69,1,1,0,0,-0.192
70,1,1,0,1,1.136
71,0,1,0,1,0.091
72,0,1,0,0,0.091
73,1,1,0,0,0.895
74,1,0,1,1,-0.02
75,0,1,0,0,0.895
76,0,1,0,0,-0.359
77,1,0,0,0,-0.584
78,1,1,0,0,-0.275
79,1,0,0,0,-0.192
80,1,1,0,0,-0.314
81,0,1,0,0,0.895
82,0,1,0,1,0.528
83,1,0,0,0,0.091
84,0,0,0,0,-1.307
85,0,0,0,0,0.558
86,1,1,0,0,0.895
87,0,0,0,0,0.75
88,0,0,0,0,-0.093
89,1,0,0,0,0.091
90,0,1,0,0,1.698
91,1,0,0,0,-0.02
92,0,1,0,0,0.091
93,1,0,0,0,0.091
94,1,1,0,0,0.091
95,0,0,0,0,0.091
96,0,1,0,0,0.895
97,0,1,0,0,-0.02
98,0,0,0,0,0.091
99,0,0,0,1,0.895
100,1,1,0,0,0.091
101,0,0,0,1,0.005
102,0,1,1,1,1.698
103,0,0,0,0,-0.359
104,0,1,0,0,0.091
105,0,0,0,1,0.091
106,0,1,0,0,0.895
107,0,1,0,0,0.895
108,0,1,0,0,0.669
109,0,1,0,0,-0.597
110,0,1,1,1,0.444
111,1,0,0,0,-0.134
112,0,1,0,0,0.091
113,0,0,0,0,0.895
114,1,1,1,0,0.895
115,1,1,0,0,-0.924
116,1,0,0,0,0.091
117,1,0,0,0,-0.231
118,0,1,0,0,-0.192
119,0,0,0,1,1.136
120,0,0,0,1,-0.496
121,1,0,0,0,0.091
122,0,1,0,0,-0.382
123,1,1,0,0,0.895
124,0,0,0,0,0.421
125,1,0,0,0,-0.192
126,0,0,0,0,-1.738
127,1,0,0,1,-0.02
128,1,1,0,0,0.091
129,0,1,0,1,-0.47
130,1,1,0,0,0.669
131,1,1,0,0,0.091
132,1,0,0,0,0.091
133,1,0,0,1,-3.715
134,0,1,0,0,0.669
135,1,1,0,0,0.091
136,0,1,0,0,1.136
137,1,1,0,0,-0.131
138,1,0,0,1,0.895
139,1,0,0,0,0.585
140,0,1,0,0,0.384
141,0,1,0,0,0.528
142,1,0,0,1,0.895
143,0,0,0,0,-1.884
144,0,1,0,0,0.895
145,0,0,0,0,-0.543
146,1,0,0,0,-1.763
147,0,0,0,0,0.091
148,0,0,0,0,-1.829
149,0,1,0,0,0.091
150,0,1,0,0,0.45
151,1,0,0,0,-0.242
152,1,1,0,1,-0.359
153,1,0,0,1,-1.793
154,0,0,0,0,-0.754
155,1,1,0,1,1.698
156,0,0,0,0,-0.464
157,1,0,0,0,0.895
158,0,1,0,0,0.091
159,1,1,0,0,0.091
160,1,1,0,0,0.895
161,1,1,0,0,0.091
162,1,0,0,1,-0.198
163,1,0,0,0,0.19
164,0,1,0,0,0.091
165,1,0,0,0,-0.584
166,0,0,0,0,-3.291
167,0,0,0,0,-1.165
168,0,0,0,0,0.895
169,0,0,0,0,-0.192
170,0,0,0,0,0.091
171,1,1,1,0,-0.743
172,0,1,0,0,0.895
173,1,0,0,0,-0.81
174,0,0,0,0,0.895
175,1,0,0,1,2.465
176,1,1,0,1,0.091
177,0,0,0,0,-2.155
178,1,0,0,0,0.091
179,0,0,1,0,0.444
180,1,0,0,0,0.091
181,0,0,1,1,1.136
182,1,1,0,1,1.136
183,1,1,0,0,0.091
184,1,0,0,0,1.136
185,0,1,0,0,0.895
186,0,0,0,0,-2.227
187,1,0,0,0,-0.131
188,1,1,0,0,-0.292
189,0,0,0,0,0.091
190,1,1,0,1,0.895
191,1,1,0,0,0.895
192,1,1,0,1,0.895
193,1,0,0,1,0.895
194,0,0,0,0,-0.242
195,1,1,0,0,0.895
196,0,0,1,1,0.895
197,0,0,0,1,0.091
198,0,0,1,1,0.895
199,0,0,0,1,0.091
200,1,0,0,1,0.895
201,0,0,0,0,0.091
202,1,1,1,0,0.091
203,0,1,0,1,2.465
204,1,0,0,0,-1.315
205,0,0,0,0,0.5
206,0,0,0,0,-0.192
207,1,1,0,0,-1.435
208,1,0,0,0,0.091
209,1,1,0,1,0.895
210,1,0,0,1,-0.626
211,0,0,0,0,-3.584
212,0,0,0,1,0.783
213,0,1,0,0,0.895
214,0,1,0,0,0.049
215,0,1,0,1,0.091
216,0,1,1,0,0.895
217,0,1,0,0,-0.584
218,0,0,0,0,1.136
219,0,0,0,0,1.698
220,1,1,0,0,0.091
221,1,0,0,0,0.895
222,0,1,0,0,-0.47
223,0,0,0,1,1.136
224,1,1,0,0,-0.754
225,0,0,0,0,0.091
226,0,0,0,1,0.091
227,0,1,0,0,-1.307
228,1,1,0,0,0.895
229,1,0,0,1,0.091
230,1,1,0,1,0.953
231,0,0,0,1,-0.02
232,0,0,1,1,0.091
233,0,1,0,1,0.091
234,0,1,0,1,-0.743
235,1,1,0,0,0.895
236,1,1,0,0,0.895
237,1,1,0,0,0.895
238,0,1,1,1,1.136
239,1,0,0,1,-1.057
240,1,0,0,1,0.091
241,0,0,0,1,2.465
242,0,0,0,0,-0.979
243,0,1,0,1,0.091
244,1,1,0,0,0.783
245,1,1,0,0,0.091
246,0,1,1,0,0.091
247,1,1,0,0,0.091
248,0,0,0,0,0.091
249,1,1,0,0,0.091
250,0,0,0,1,-0.415
251,0,0,0,0,-0.192
252,1,0,0,0,0.091
253,1,0,0,1,-0.529
254,0,0,1,1,1.136
255,0,1,0,1,-3.072
256,1,0,0,0,0.895
257,0,0,0,0,0.091
258,1,1,0,0,0.091
259,1,0,0,0,-0.131
260,1,1,0,1,1.136
261,0,0,0,0,0.091
262,0,1,0,0,0.666
263,1,0,0,1,-1.524
264,0,1,0,0,0.091
265,0,1,0,0,0.672
266,1,0,0,0,0.895
267,0,0,0,0,-0.192
268,0,1,0,0,0.895
269,0,1,1,0,0.895
270,1,1,0,0,0.091
271,0,1,0,1,-0.198
272,0,0,0,0,0.895
273,0,0,0,1,-1.161
274,0,1,0,1,-0.192
275,1,0,1,1,-1.11
276,1,0,0,0,-0.192
277,1,0,0,0,1.136
278,1,1,0,0,0.895
279,0,0,0,0,-0.375
280,0,1,0,0,0.895
281,0,0,0,0,1.136
282,1,1,0,1,0.895
283,1,1,0,0,-1.485
284,1,0,0,0,2.465
285,1,1,0,0,-2.941
286,0,1,0,0,-2.81
287,0,1,0,1,1.409
288,0,1,0,1,0.895
289,0,0,0,0,-1.036
290,1,1,0,0,-0.053
291,0,0,0,1,-0.767
292,0,0,0,1,-0.464
293,1,0,0,1,0.895
294,1,1,0,1,-0.006
295,1,0,0,1,-0.981
296,0,1,0,0,1.136
297,1,1,0,0,0.895
298,0,1,0,0,0.091
299,0,1,0,1,0.091
300,1,1,0,0,-0.359
301,1,1,0,0,-0.924
302,0,1,0,0,-0.924
303,1,1,0,0,0.444
304,1,1,0,0,-0.426
305,0,1,0,1,0.895
306,1,0,0,0,-1.524
307,1,1,0,0,-0.652
308,0,1,1,0,0.895
309,0,1,0,0,0.091
310,0,0,0,1,1.136
311,1,1,0,0,0.895
312,1,0,0,1,0.278
313,1,0,0,0,-0.02
314,0,1,0,0,0.091
315,0,0,0,0,0.672
316,0,0,0,0,-2.427
317,0,1,0,0,1.136
318,0,0,0,0,-1.11
319,0,0,0,0,-0.192
320,0,0,0,0,0.895
321,1,0,0,1,-1.87
322,1,0,0,0,-0.743
323,1,1,0,1,0.091
324,0,0,0,0,1.136
325,0,1,0,0,0.091
326,0,1,0,1,-0.47
327,0,0,0,0,0.091
328,0,1,0,1,0.895
329,1,1,0,0,0.091
330,1,0,0,0,-0.584
331,0,1,0,0,0.895
332,0,1,0,0,0.895
333,1,1,0,0,-0.131
334,0,0,0,0,-0.275
335,0,0,0,0,1.698
336,1,0,0,0,0.091
337,0,1,0,0,0.895
338,1,0,0,1,1.136
339,1,1,0,1,1.136
340,0,0,0,0,-1.33
341,0,1,0,0,0.895
342,0,0,0,0,-3.247
343,0,1,0,0,-1.149
344,1,1,0,0,0.895
345,0,0,0,1,-0.743
346,1,1,0,1,-0.192
347,0,1,0,1,0.091
348,0,1,0,1,-0.192
349,1,0,0,1,-0.43
350,1,1,0,0,0.091
351,0,0,1,1,-0.349
352,0,0,0,0,-0.192
353,1,1,0,0,-0.275
354,1,0,0,1,-3.189
355,0,0,0,1,0.091
356,0,0,0,0,0.091
357,0,0,0,1,-0.02
358,1,1,0,1,-0.97
359,0,1,0,1,-1.01
360,1,1,0,0,0.091
361,1,0,0,0,0.091
362,1,1,0,1,0.783
363,1,0,0,0,0.895
364,0,0,0,0,-0.614
365,1,1,0,0,0.091
366,0,0,0,1,-1.521
367,0,1,0,0,0.049
368,0,0,0,1,2.465
369,1,0,1,1,0.091
370,1,0,0,0,1.136
371,1,1,0,1,0.895
372,1,1,0,1,-1.485
373,0,0,0,1,-0.462
374,0,0,0,0,-0.192
375,1,1,0,0,0.091
376,1,1,0,0,-0.131
377,0,1,0,0,-0.356
378,0,1,0,1,-0.164
379,1,0,0,0,-0.584
380,1,1,0,0,-0.865
381,1,0,0,0,-0.559
382,1,0,0,0,-1.477
383,1,1,0,0,0.091
384,1,0,0,0,-1.098
385,0,0,0,1,0.465
386,0,0,0,1,-1.278
387,1,0,0,0,0.219
388,1,1,0,0,1.136
389,1,0,0,0,0.769
390,1,1,0,0,-0.743
391,1,0,0,1,-0.192
392,0,0,0,1,0.895
393,0,0,0,1,0.769
394,0,1,0,1,0.895
395,1,1,0,0,0.895
396,1,1,0,0,0.091
397,1,0,0,1,-0.359
398,1,1,0,0,0.091
399,0,0,0,0,0.895
400,0,1,0,0,-0.359
401,1,0,0,1,0.091
402,0,0,0,1,-0.192
403,0,1,0,0,0.091
404,0,0,0,1,1.136
405,1,0,0,0,0.585
406,0,1,0,1,-1.157
407,0,0,0,0,-1.204
408,1,0,0,0,-0.81
409,1,0,0,1,-0.359
410,1,1,0,0,0.091
411,0,1,0,0,-1.374
412,0,1,0,0,0.091
413,1,0,0,0,0.895
414,1,0,0,0,-0.359
415,0,1,0,0,0.444
416,0,0,0,1,-0.245
417,0,1,0,1,0.895
418,1,0,0,0,0.895
419,1,1,0,1,0.091
420,1,0,0,0,-0.743
421,1,0,0,1,0.895
422,0,1,0,0,0.091
423,1,0,0,1,-2.949
424,0,0,0,0,-2.43
425,0,0,0,0,0.895
426,0,0,0,0,-0.02
427,0,1,0,0,0.898
428,1,0,0,1,1.698
429,1,1,0,1,0.895
430,1,0,0,0,-0.149
431,1,0,0,0,0.672
432,0,1,0,0,0.895
433,1,0,0,0,0.091
434,0,0,0,1,2.465
435,0,0,0,0,0.219
436,1,1,0,0,-1.66
437,0,1,0,0,-0.375
438,1,0,0,1,0.163
439,1,1,0,1,-0.192
440,0,1,0,0,-3.414
441,1,0,0,1,-0.192
442,1,1,0,0,0.895
443,0,1,0,0,-0.275
444,0,1,0,0,-0.349
445,1,0,0,1,-0.131
446,0,1,0,0,0.672
447,1,0,0,1,0.895
448,0,0,0,1,-0.345
449,0,0,0,0,0.091
450,0,0,0,0,0.769
451,1,1,0,0,-1.374
452,1,0,0,0,0.091
453,0,0,0,0,0.091
454,1,0,0,0,-2.622
455,1,0,0,1,-0.02
456,0,0,0,1,-0.192
457,0,0,1,1,-0.242
458,1,1,1,0,-1.477
459,0,1,0,0,-0.242
460,0,0,0,0,0.117
461,0,0,0,0,-0.559
462,1,1,0,0,-0.192
463,1,1,0,0,0.091
464,0,1,0,1,1.698
465,1,0,0,0,0.091
466,1,1,0,1,0.895
467,0,0,0,1,0.091
468,1,1,0,1,-0.754
469,0,0,0,1,1.136
470,1,0,0,0,-0.871
471,0,0,0,0,0.895
472,0,0,0,0,-0.375
473,0,1,0,0,-0.192
474,1,0,0,0,-0.131
475,0,0,0,1,0.091
476,1,1,0,0,-0.02
477,0,0,0,0,0.669
478,0,1,0,1,0.895
479,1,1,0,0,0.091
480,0,1,0,0,-0.387
481,1,0,0,1,-0.359
482,1,1,0,0,-1.219
483,1,1,0,0,0.091
484,1,0,0,0,-0.604
485,0,1,0,0,0.091
486,0,0,0,1,1.136
487,0,0,0,0,0.2
488,0,0,0,0,0.895
489,1,1,0,0,-0.873
490,1,1,0,0,2.465
491,0,0,0,1,0.585
492,1,0,0,0,0.091
493,0,1,0,0,-0.192
494,1,1,0,0,0.669
495,0,1,0,0,0.895
496,1,1,0,0,1.698
497,0,1,0,0,0.672
498,0,1,0,0,0.091
499,1,1,0,0,0.895
500,1,1,0,0,0.091
501,1,0,0,1,0.895
502,0,1,0,0,1.473
503,1,0,1,0,-0.134
504,1,1,0,0,1.698
505,1,0,0,0,0.895
506,1,1,0,0,0.091
507,0,1,0,0,-1.912
508,1,0,0,0,0.091
509,0,1,0,0,-1.485
510,1,0,0,0,-0.131
511,1,0,0,1,0.895
512,1,0,0,0,-0.735
513,1,1,0,0,0.895
514,1,1,0,0,-0.131
515,1,1,1,0,0.895
516,1,1,0,0,0.091
517,1,0,0,0,0.895
518,0,1,0,0,0.091
519,0,0,0,0,0.384
520,0,1,0,0,0.091
521,0,0,0,0,0.091
522,0,1,0,0,0.895
523,0,0,0,0,0.009
524,0,0,0,0,0.091
525,1,0,0,1,-0.192
526,1,0,0,0,0.639
527,1,0,0,0,-0.02
528,1,1,0,0,-0.131
529,1,0,0,0,0.091
530,1,1,0,0,-0.423
531,0,0,0,0,-0.754
532,0,1,0,1,-0.192
533,1,0,0,1,0.091
534,1,0,0,1,0.895
535,1,1,0,0,-0.529
536,1,1,0,0,0.091
537,1,1,0,1,0.895
538,1,1,0,0,0.091
539,0,1,0,0,0.091
540,0,1,0,1,0.091
541,1,0,0,0,-1.632
542,0,1,0,0,1.698
543,0,1,0,0,-0.164
544,1,0,1,0,-0.304
545,1,0,0,1,1.365
546,1,0,0,0,-0.941
547,0,0,0,1,0.091
548,1,0,0,0,-1.404
549,0,1,0,1,-0.192
550,0,1,0,1,0.895
551,1,0,0,0,-0.192
552,0,1,0,0,1.136
553,1,1,0,0,-1.83
554,1,1,0,0,0.895
555,0,1,0,0,0.462
556,0,1,0,0,0.561
557,1,1,0,0,0.091
558,0,0,0,1,-0.47
559,0,1,0,0,0.895
560,1,0,1,1,0.091
561,1,1,0,0,0.091
562,0,0,0,1,-1.307
563,0,1,0,0,0.895
564,1,1,0,0,0.895
565,0,0,0,0,0.895
566,0,0,1,1,0.895
567,0,0,0,0,0.444
568,0,1,0,0,0.091
569,1,1,0,1,1.698
570,0,1,0,1,0.895
571,1,0,0,1,-0.982
572,1,1,0,0,0.895
573,0,0,0,0,1.136
574,1,0,0,0,0.895
575,1,0,0,0,1.136
576,0,0,0,0,-1.535
577,1,1,0,0,1.136
578,1,0,1,1,0.091
579,0,1,0,0,-0.02
580,1,1,0,0,-0.754
581,1,1,0,0,0.091
582,0,1,0,0,-0.543
583,1,0,0,1,0.895
584,1,0,0,0,0.895
585,0,0,1,1,0.895
586,0,1,0,0,1.136
587,1,0,0,1,2.502
588,1,0,0,0,0.895
589,0,0,0,0,1.136
590,0,1,0,0,0.895
591,1,1,1,0,0.895
592,0,0,0,1,0.895
593,1,0,0,0,0.091
594,0,1,0,1,-1.458
595,0,0,0,0,-0.47
596,1,0,0,1,1.136
597,0,0,0,1,-1.407
598,1,0,0,1,0.091
599,1,1,0,0,1.698
600,1,0,0,0,-0.584
601,1,0,0,0,-0.964
602,0,1,0,0,0.895
603,0,1,0,1,-0.242
604,0,0,0,0,0.091
605,0,1,0,0,1.136
606,1,1,0,0,-0.42
607,0,1,0,1,0.091
608,1,0,0,1,-2.193
609,1,0,0,0,-2.794
610,0,1,0,0,0.091
611,0,1,0,0,-0.754
612,1,1,0,0,0.091
613,0,1,0,1,0.091
614,0,1,0,1,0.895
615,0,0,0,0,-0.134
616,1,0,0,0,0.895
617,1,1,0,1,-0.192
618,0,1,0,0,1.698
619,1,0,0,0,0.091
620,0,1,0,0,-0.192
621,1,1,0,1,1.136
622,1,1,0,1,-1.149
623,0,0,0,0,-0.981
624,1,1,0,1,0.672
625,1,0,1,0,0.091
626,1,1,0,0,0.417
627,1,1,0,0,-0.02
628,0,1,0,1,-1.22
629,1,1,0,0,0.219
630,1,0,0,0,-0.584
631,1,1,0,0,-1.149
632,0,1,0,0,-3.07
633,1,1,0,0,-0.584
634,0,1,0,0,0.672
635,0,1,0,0,-1.814
636,1,0,0,1,0.091
637,0,1,0,1,-0.356
638,0,1,0,0,0.091
639,0,0,0,0,0.117
640,0,1,0,0,0.091
641,0,0,0,0,-0.529
642,1,1,0,0,0.091
643,1,0,0,0,-0.685
644,1,0,1,1,0.895
645,0,0,0,1,-0.924
646,0,1,0,1,-1.535
647,0,0,0,0,-0.559
648,0,1,0,1,0.672
649,0,0,0,1,-0.584
650,0,0,0,1,0.091
651,1,0,1,1,-0.192
652,0,0,0,1,0.895
653,0,1,0,0,-0.304
654,1,0,0,0,0.769
655,1,0,0,0,-0.853
656,0,0,0,0,-0.131
657,1,0,0,1,0.091
658,0,0,0,0,-0.682
659,1,0,0,0,-1.321
660,0,0,0,1,0.091
661,1,1,0,0,0.091
662,1,1,0,0,0.895
663,0,0,0,1,-2.78
664,0,1,0,0,-0.134
665,0,1,0,0,0.091
666,1,0,0,0,1.136
667,1,1,0,0,-0.359
668,1,0,0,1,0.895
669,0,1,0,1,-0.526
670,1,0,0,1,-0.926
671,0,1,0,0,0.444
672,0,1,0,0,-0.622
673,1,0,0,0,-1.22
674,1,1,1,1,0.091
675,0,0,0,1,-1.22
676,0,0,0,0,-0.131
677,1,0,0,0,0.091
678,1,1,0,0,0.091
679,1,0,0,1,0.895
680,1,0,0,0,-0.687
681,1,0,0,1,0.091
682,1,1,0,0,0.091
683,1,0,0,1,0.091
684,0,1,0,0,0.895
685,1,0,0,0,-0.192
686,0,1,0,0,0.895
687,1,1,0,0,0.895
688,0,0,0,1,2.465
689,0,0,0,0,-0.192
690,1,0,0,1,0.895
691,0,0,0,0,-0.134
692,0,0,0,0,-0.754
693,1,0,0,0,1.136
694,1,0,0,1,0.895
695,1,0,0,0,0.895
696,0,0,0,0,-2.03
697,1,0,0,0,-0.192
698,0,0,0,1,1.136
699,1,1,0,0,0.895
700,0,0,0,0,-0.559
701,0,0,0,0,-0.699
702,0,0,0,0,0.091
703,0,0,0,0,0.421
704,1,0,0,1,-1.524
705,0,1,0,0,0.444
706,0,0,0,0,-1.035
707,1,1,0,0,-0.131
708,0,1,0,0,1.136
709,1,0,0,0,-0.242
710,0,1,0,0,0.091
711,0,1,1,0,1.136
712,1,1,0,0,0.895
713,1,1,0,0,0.091
714,1,0,1,1,0.091
715,1,1,0,0,-0.079
716,0,1,0,0,0.091
717,0,0,0,1,-1.491
718,0,0,0,0,-2.915
719,1,1,0,0,0.091
720,1,0,0,0,-1.994
721,1,1,0,1,0.895
722,1,0,0,0,-0.375
723,0,1,0,0,0.669
724,0,0,0,1,-0.559
725,0,0,1,1,0.091
726,1,0,0,0,0.895
727,1,1,0,0,1.136
728,1,1,0,1,0.895
729,1,0,0,1,-0.68
730,1,0,0,0,0.091
731,0,0,0,0,-0.423
732,0,1,0,0,0.091
733,1,1,0,1,-0.359
734,0,1,0,0,0.783
735,0,1,0,1,0.091
736,0,1,0,0,-0.584
737,1,0,0,0,-0.359
738,1,1,0,1,0.895
739,0,1,0,0,0.895
740,1,0,0,0,0.561
741,1,0,1,1,-0.192
742,0,1,0,0,-0.359
743,0,1,0,0,-0.39
744,1,0,0,0,0.091
745,1,1,0,0,1.136
746,0,0,0,0,0.091
747,1,1,0,0,-0.278
748,0,1,0,0,0.091
749,0,0,0,0,-0.292
750,0,0,1,0,0.091
751,1,1,0,1,0.895
752,0,1,0,0,0.091
753,0,1,0,1,0.561
754,0,1,0,0,0.091
755,1,0,0,0,0.091
756,0,0,0,0,0.783
757,1,0,0,0,0.482
758,0,0,1,1,-0.192
759,0,0,1,0,-0.275
760,0,0,0,0,-0.853
761,1,0,0,0,0.091
762,0,1,0,1,0.769
763,0,1,0,0,-0.277
764,0,1,0,1,-0.131
765,0,0,0,0,0.091
766,0,1,0,0,0.561
767,0,0,0,0,-0.526
768,0,1,0,0,-0.134
769,0,1,0,1,-0.743
770,1,1,0,0,0.091
771,1,0,0,1,1.136
772,1,1,0,0,0.895
773,0,1,0,0,0.895
774,1,1,0,0,0.895
775,1,0,0,0,-0.743
776,0,1,1,1,1.698
777,1,0,0,1,0.895
778,1,1,0,0,1.914
779,1,1,0,0,-1.485
780,1,1,0,1,-0.192
781,1,1,0,1,0.895
782,1,1,0,0,0.895
783,1,1,0,0,0.091
784,0,0,0,1,-0.801
785,1,0,0,0,-1.043
786,0,1,0,0,0.447
787,0,0,0,0,-0.918
788,1,1,0,0,1.248
789,0,0,0,0,-0.192
790,0,1,0,0,0.091
791,1,1,0,0,0.091
792,0,0,0,1,-0.614
793,0,0,0,1,0.895
794,1,0,0,0,0.2
795,0,0,0,0,-1.039
796,0,0,0,1,-0.012
797,0,0,0,1,1.136
798,1,1,0,0,0.444
799,1,1,0,0,0.444
800,1,1,1,0,0.895
801,1,1,0,0,0.895
802,1,1,0,0,-0.496
803,0,1,0,1,-0.39
804,1,0,0,0,0.091
805,1,0,0,0,-0.006
806,1,1,0,0,-0.584
807,0,0,0,1,1.698
808,1,1,0,0,0.091
809,0,1,0,0,0.895
810,1,0,0,0,0.091
811,1,0,0,0,-0.192
812,1,1,0,0,0.091
813,0,1,0,1,-0.131
814,0,0,0,0,-0.192
815,0,0,0,1,-1.66
816,0,0,0,0,0.091
817,1,0,0,1,-0.053
818,1,1,0,0,0.895
819,1,1,1,1,1.698
820,0,0,0,0,-1.275
821,0,1,0,0,0.895
822,0,1,0,0,1.698
823,1,1,0,1,0.091
824,1,1,0,0,-0.359
825,1,0,0,0,0.672
826,0,0,0,0,-0.277
827,1,0,0,0,0.444
828,1,1,0,0,-0.07
829,0,0,0,0,0.444
830,0,0,0,0,-1.485
831,1,0,0,0,-0.375
832,1,1,0,0,-0.318
833,1,0,0,0,-0.192
834,1,0,0,0,-2.432
835,1,1,0,1,-1.149
836,1,1,0,1,0.895
837,0,0,0,1,-0.584
838,0,0,0,0,0.444
839,0,0,1,1,0.895
840,1,0,0,1,-0.192
841,0,1,0,0,-0.529
842,1,1,0,1,-0.987
843,0,1,0,1,-0.192
844,0,1,0,0,0.895
845,0,0,0,1,1.136
846,0,1,0,0,-0.242
847,0,0,0,0,-2.497
848,1,0,0,0,0.895
849,1,1,0,0,-1.097
850,1,1,0,0,1.254
851,0,0,0,0,1.698
852,1,0,1,1,0.895
853,0,1,1,0,-0.584
854,0,1,0,0,-0.529
855,1,0,0,0,0.091
856,1,0,0,0,0.669
857,0,0,0,0,-1.22
858,1,1,0,0,-0.423
859,1,1,0,0,-0.735
860,0,1,0,1,0.769
861,1,1,0,0,0.895
862,1,1,0,0,0.895
863,0,1,0,0,-0.788
864,0,1,0,0,-0.02
865,1,1,0,0,0.895
866,0,0,0,0,-0.192
867,1,0,0,1,0.091
868,1,1,0,1,-0.42
869,1,0,0,0,-0.743
870,0,1,0,0,0.895
871,0,0,0,0,-1.994
872,1,1,0,0,-0.131
873,0,0,0,1,-0.192
874,1,1,0,0,-0.242
875,1,1,0,0,0.953
876,0,1,0,0,0.091
877,0,0,0,1,-0.693
878,0,0,0,0,-0.853
879,1,1,0,0,0.091
880,0,0,0,1,-1.102
881,0,0,0,0,0.091
882,1,1,1,0,-0.131
883,0,0,0,0,0.895
884,1,0,1,1,-1.488
885,0,1,0,0,-0.353
886,0,1,0,0,-0.278
887,1,1,0,0,0.895
888,1,0,0,0,-0.192
889,1,1,0,1,0.895
890,1,0,0,0,-1.432
891,1,0,1,0,0.091
892,0,1,1,1,0.895
893,1,1,0,0,0.444
894,1,1,0,0,0.091
895,0,0,1,1,0.895
896,0,0,0,0,-0.504
897,0,1,0,1,0.091
898,1,0,0,0,-0.192
899,1,1,0,1,1.675
900,0,1,0,0,1.698
901,1,0,0,0,1.136
902,1,1,0,1,-0.192
903,0,0,0,0,-1.149
904,0,0,0,0,-0.192
905,1,1,0,0,0.091
906,0,0,0,0,0.895
907,0,1,0,0,0.895
908,1,1,0,0,-0.353
909,0,0,0,1,0.895
910,1,0,0,1,1.136
911,0,1,0,0,-0.529
912,0,1,0,0,0.5
913,0,1,0,0,-0.192
914,1,0,0,1,0.895
915,0,0,0,0,0.091
916,1,1,0,1,0.895
917,0,0,0,0,-1.634
918,1,1,0,1,0.091
919,1,0,0,0,0.091
920,0,1,0,1,2.465
921,1,1,0,0,-1.076
922,1,0,0,0,-0.743
923,0,0,0,1,-0.192
924,1,1,0,1,-0.979
925,1,1,0,1,0.564
926,0,1,0,0,-0.02
927,1,0,0,0,1.136
928,0,1,0,0,0.895
929,0,1,0,0,-1.599
930,0,0,0,0,0.091
931,0,1,0,0,0.091
932,0,1,0,1,-0.304
933,1,1,0,1,0.091
934,0,1,0,0,0.895
935,0,0,0,1,0.5
936,1,0,0,0,-0.131
937,0,1,0,0,-1.888
938,1,1,0,0,0.091
939,0,1,0,0,-0.504
940,1,0,0,1,-0.669
941,0,0,0,0,-0.359
942,0,0,0,0,0.953
943,0,1,0,0,0.895
944,0,1,0,0,0.895
945,1,1,0,0,0.895
946,0,0,0,0,0.669
947,1,0,0,0,1.698
948,1,0,0,1,-0.131
949,1,0,0,0,-0.938
950,0,1,0,1,-0.237
951,0,1,0,0,-0.394
952,1,1,0,0,-1.88
953,1,1,0,0,1.136
954,1,1,0,0,0.895
955,1,1,0,0,0.219
956,0,1,0,1,2.465
957,1,1,0,0,0.895
958,0,1,0,0,0.091
959,0,0,0,0,-2.663
960,1,1,0,1,1.136
961,1,1,0,0,0.091
962,0,1,0,0,-2.022
963,0,1,0,0,0.895
964,1,1,0,0,-0.871
965,0,1,0,0,-0.83
966,1,0,0,0,-0.359
967,1,0,0,0,0.895
968,0,0,0,0,-1.341
969,1,1,0,0,0.895
970,1,0,0,0,0.091
971,0,0,0,0,-1.524
972,0,1,0,0,0.091
973,1,1,0,0,0.444
974,1,1,1,0,-0.748
975,1,0,0,0,0.895
976,0,0,0,0,1.136
977,0,0,0,1,-0.359
978,1,0,0,0,-0.743
979,0,1,0,1,1.698
980,1,1,0,0,1.136
981,1,0,0,1,-1.168
982,1,1,0,0,0.895
983,0,0,0,1,0.091
984,1,1,0,0,0.895
985,0,1,0,0,0.091
986,1,1,0,0,-0.275
987,1,0,0,0,0.091
988,1,1,0,0,0.091
989,0,1,0,0,0.895
990,0,1,0,1,-0.43
991,0,0,0,0,-0.192
992,1,1,0,1,0.091
993,1,1,0,0,0.895
994,0,1,0,0,0.091
995,1,0,0,0,-0.584
996,1,1,0,0,0.895
997,1,1,0,0,0.895
998,1,1,0,1,0.238
999,1,0,0,0,-0.584
1000,1,0,0,0,-0.42
1001,0,1,0,0,0.528
1002,1,1,0,0,0.091
1003,1,1,0,1,1.136
1004,0,0,0,0,-0.584
1005,0,0,0,0,0.669
1006,0,1,0,0,1.698
1007,1,0,0,1,-0.164
1008,0,1,0,0,-0.529
1009,1,1,0,0,0.091
1010,0,1,0,0,-0.559
1011,0,0,0,0,-1.582
1012,1,1,0,0,-0.854
1013,1,1,0,0,1.698
1014,1,0,0,0,0.898
1015,1,1,0,0,-0.304
1016,1,0,0,0,-3.477
1017,0,0,0,1,-0.192
1018,1,1,0,0,1.698
1019,1,1,0,1,0.528
1020,0,0,0,1,0.091
1021,1,1,0,0,-0.245
1022,1,0,0,1,1.698
1023,0,0,0,1,0.895
1024,0,1,0,0,0.895
1025,0,0,0,1,0.895
1026,1,1,0,0,-2.336
1027,0,1,1,1,1.698
1028,0,0,0,0,-2.847
1029,1,0,0,1,-0.02
1030,0,1,0,1,-0.093
1031,0,1,0,0,-0.754
1032,1,1,0,0,0.091
1033,1,0,0,0,-0.924
1034,1,0,0,1,-0.275
1035,0,1,0,0,0.219
1036,0,1,0,0,0.091
1037,1,0,0,0,-0.192
1038,1,1,0,0,0.895
1039,0,1,0,0,0.895
1040,0,1,1,1,-0.134
1041,1,1,0,1,0.091
1042,1,1,0,0,-1.159
1043,1,1,0,0,0.895
1044,0,0,0,1,-0.192
1045,0,0,0,1,1.136
1046,0,0,0,0,-0.304
1047,0,0,0,0,-0.131
1048,1,1,0,1,0.895
1049,1,0,0,1,0.091
1050,1,1,0,0,0.091
1051,0,0,0,1,-1.219
1052,1,1,0,0,0.091
1053,0,0,0,1,0.091
1054,1,0,0,0,-0.192
1055,1,1,0,0,-0.02
1056,0,1,0,1,0.091
1057,0,1,0,1,0.091
1058,0,0,0,0,-2.505
1059,1,0,0,0,-0.131
1060,1,1,0,0,0.895
1061,0,0,0,0,-0.429
1062,1,1,0,0,0.895
1063,1,0,0,0,0.669
1064,0,1,0,0,0.091
1065,0,0,0,1,0.091
1066,1,0,0,1,0.714
1067,0,0,0,1,-0.192
1068,1,0,0,0,1.136
1069,1,1,0,0,-0.275
1070,1,1,0,0,0.672
1071,0,0,0,1,1.514
1072,1,1,0,0,-0.915
1073,1,1,0,0,0.091
1074,1,1,0,1,-0.5
1075,1,1,0,0,0.895
1076,0,1,0,0,0.783
1077,1,1,0,0,-3.394
1078,1,0,0,0,1.136
1079,1,0,0,0,0.895
1080,1,1,0,0,1.136
1081,0,0,0,1,0.895
1082,0,0,0,0,0.091
1083,1,0,0,1,0.091
1084,1,1,0,0,0.895
1085,1,1,0,1,0.091
1086,0,0,0,1,-0.131
1087,0,1,0,1,-1.043
1088,0,1,0,0,0.639
1089,0,1,0,0,0.091
1090,1,1,0,0,-0.02
1091,0,1,0,0,-0.192
1092,1,0,0,0,0.091
1093,1,1,0,1,0.444
1094,1,1,0,0,-1.629
1095,0,1,0,0,-2.389
1096,0,1,0,1,-0.81
1097,0,1,0,0,0.895
1098,0,1,0,0,-1.047
1099,1,1,0,0,0.895
1100,0,1,0,1,-0.164
1101,0,1,0,0,-1.149
1102,1,0,0,1,0.091
1103,0,0,0,1,-1.204
1104,1,0,0,0,-0.345
1105,1,1,0,0,-0.981
1106,0,1,0,0,0.895
1107,1,0,0,0,0.273
1108,1,0,0,0,-1.231
1109,1,0,0,0,0.108
1110,1,0,0,0,-1.228
1111,1,1,0,1,-0.559
1112,0,0,0,1,-0.134
1113,1,1,0,0,0.783
1114,0,0,0,0,-0.529
1115,0,1,0,0,-0.871
1116,0,1,0,0,0.783
1117,1,0,0,0,0.091
1118,0,1,0,1,0.091
1119,0,0,0,0,0.049
1120,0,1,0,0,0.895
1121,1,1,0,1,1.136
1122,0,1,1,0,1.136
1123,1,0,0,0,0.091
1124,1,1,0,1,0.531
1125,1,0,0,0,0.444
1126,0,0,0,0,-0.918
1127,1,0,0,0,-0.597
1128,1,1,0,0,1.136
1129,0,1,0,0,1.698
1130,1,1,0,0,0.091
1131,0,0,0,1,0.091
1132,1,0,0,0,0.091
1133,1,0,0,1,-1.163
1134,1,0,0,0,-1.59
1135,1,1,0,0,-0.02
1136,0,1,0,0,-0.388
1137,0,1,0,0,1.698
1138,0,0,0,1,-0.192
1139,0,1,0,1,0.895
1140,1,1,0,1,0.895
1141,1,1,0,0,-0.675
1142,0,1,0,0,0.672
1143,1,0,0,0,-0.559
1144,1,1,0,1,1.136
1145,1,0,0,0,0.895
1146,0,0,0,0,-0.899
1147,1,1,0,0,0.895
1148,0,0,0,1,0.895
1149,0,1,0,1,-0.504
1150,0,0,0,0,-0.926
1151,0,1,0,0,0.895
1152,1,0,0,0,1.698
1153,1,1,0,0,0.091
1154,0,0,0,0,0.091
1155,1,0,0,1,-1.491
1156,0,0,0,1,0.683
1157,1,0,0,1,0.895
1158,1,0,0,0,0.895
1159,0,0,0,1,0.091
1160,0,1,0,0,-1.265
1161,0,0,0,0,0.895
1162,1,0,0,1,-1.149
1163,1,1,0,0,0.091
1164,1,0,0,1,0.895
1165,1,0,0,0,-0.245
1166,0,1,0,0,0.091
1167,1,1,0,0,0.091
1168,0,1,0,1,0.444
1169,1,0,0,0,-0.192
1170,0,1,1,0,0.091
1171,1,1,1,0,0.091
1172,0,0,0,1,-3.022
1173,1,1,0,0,0.672
1174,1,0,0,1,-1.95
1175,1,1,0,1,0.091
1176,1,0,0,0,0.091
1177,1,1,0,0,0.091
1178,1,0,0,1,0.606
1179,1,0,0,1,-0.614
1180,0,1,0,1,-0.192
1181,0,1,0,0,0.091
1182,0,0,0,0,-1.26
1183,1,1,0,0,0.091
1184,0,0,0,0,0.895
1185,1,0,0,1,0.895
1186,0,1,0,0,0.895
1187,1,1,0,0,0.091
1188,0,1,0,0,0.895
1189,1,0,0,0,0.091
1190,1,0,0,0,-1.477
1191,1,0,0,0,-1.692
1192,0,0,0,0,0.895
1193,0,0,0,0,-1.149
1194,0,1,0,1,1.476
1195,0,1,0,0,0.091
1196,1,1,0,0,0.953
1197,1,0,0,0,-0.304
1198,0,1,1,1,-0.795
1199,0,0,0,0,-0.192
1200,0,1,0,0,-0.131
1201,1,0,0,0,0.895
1202,0,0,0,0,0.091
1203,1,0,0,0,0.895
1204,1,0,0,1,0.091
1205,0,1,0,0,0.895
1206,0,0,0,1,0.091
1207,1,1,0,0,0.895
1208,0,1,0,0,0.091
1209,0,1,0,0,0.054
1210,0,1,0,0,0.091
1211,1,1,0,1,1.136
1212,1,1,0,1,0.655
1213,0,0,0,0,-0.192
1214,0,1,0,0,0.895
1215,0,0,0,0,1.136
1216,0,0,0,0,-1.513
1217,1,0,0,1,-0.02
1218,1,0,0,1,-0.192
1219,0,0,0,1,-1.096
1220,0,0,0,0,-0.131
1221,0,0,0,1,-1.102
1222,1,1,0,1,-0.304
1223,1,1,1,1,0.895
1224,0,0,0,0,-0.529
1225,1,0,0,0,0.71
1226,1,1,0,0,-0.131
1227,0,0,0,0,-0.359
1228,1,1,1,0,0.091
1229,0,1,0,0,1.242
1230,1,1,0,1,0.163
1231,1,1,0,1,-0.81
1232,1,1,0,1,0.091
1233,1,0,0,0,0.091
1234,0,0,0,0,-1.149
1235,0,0,0,0,-0.245
1236,1,0,0,0,0.895
1237,0,1,0,0,0.278
1238,0,1,0,1,0.5
1239,0,0,0,1,0.895
1240,1,1,0,0,0.091
1241,1,0,0,0,-2.563
1242,1,0,0,1,0.898
1243,1,0,0,0,0.895
1244,0,1,0,1,1.136
1245,0,0,0,1,0.895
1246,1,1,0,0,-0.192
1247,0,1,0,0,-1.881
1248,1,0,0,0,0.895
1249,0,1,0,0,0.895
1250,0,0,0,0,-0.359
1251,1,1,0,0,0.091
1252,1,1,0,0,0.895
1253,1,1,0,1,-0.531
1254,1,1,0,1,1.136
1255,1,0,0,1,0.895
1256,1,1,0,0,0.895
1257,0,1,0,0,-1.216
1258,0,1,0,0,1.698
1259,1,1,0,0,-1.403
1260,1,1,1,1,1.136
1261,1,0,0,1,-0.192
1262,1,1,0,0,0.585
1263,0,1,0,0,-0.162
1264,0,1,0,0,-0.192
1265,1,1,0,0,-2.102
1266,0,1,0,0,0.091
1267,0,0,0,0,-2.622
1268,0,1,1,0,1.136
1269,1,0,0,0,-0.981
1270,0,0,0,1,0.091
1271,1,0,0,0,-1.047
1272,0,1,0,0,0.895
1273,0,1,0,0,-2.443
1274,0,0,0,0,-0.192
1275,1,1,0,0,0.895
1276,0,1,0,0,0.672
1277,1,0,0,0,-1.374
1278,0,0,1,0,0.895
1279,1,1,0,0,3.187
1280,0,0,0,0,-0.192
1281,0,0,0,1,-2.172
1282,1,0,1,1,-1.485
1283,1,1,0,0,0.895
1284,0,0,0,1,-0.743
1285,0,1,0,0,-0.192
1286,1,1,0,1,1.698
1287,1,1,0,0,-0.309
1288,1,0,0,0,0.672
1289,0,0,0,0,-0.134
1290,0,1,0,0,0.091
1291,0,1,0,0,-1.769
1292,1,0,0,1,0.895
1293,1,0,1,0,1.698
1294,1,0,0,1,-0.677
1295,0,0,0,0,-0.206
1296,0,0,0,0,-0.192
1297,1,0,0,0,0.672
1298,1,1,0,0,0.895
1299,0,1,0,0,-0.053
1300,1,0,0,0,0.091
1301,0,1,0,0,-0.192
1302,0,1,0,0,0.672
1303,0,0,0,1,-0.699
1304,1,0,0,1,-1.219
1305,0,1,1,0,0.091
1306,1,1,0,0,-0.682
1307,0,0,0,1,0.091
1308,1,0,0,0,-0.559
1309,0,0,0,0,0.895
1310,0,1,0,0,-1.057
1311,0,0,0,0,0.091
1312,1,0,0,0,-0.743
1313,1,1,0,0,0.895
1314,0,0,0,0,-0.359
1315,0,0,0,0,0.091
1316,1,0,0,0,1.362
1317,1,1,0,0,-0.056
1318,1,0,0,1,-0.192
1319,1,0,0,0,-0.192
1320,0,0,0,0,-0.192
1321,1,1,0,0,0.895
1322,1,0,0,0,0.091
1323,0,1,0,0,0.895
1324,1,0,0,0,-2.847
1325,0,1,0,0,0.895
1326,1,1,0,0,0.091
1327,0,0,0,0,-0.926
1328,0,0,0,0,0.895
1329,0,1,1,0,1.136
1330,0,1,0,0,0.895
1331,0,0,0,0,-0.192
1332,0,0,0,1,0.953
1333,0,0,0,0,-0.231
1334,0,0,0,0,2.465
1335,1,0,0,0,-0.192
1336,1,0,0,0,0.091
1337,1,0,0,0,-0.43
1338,0,1,0,0,0.306
1339,1,1,0,1,0.091
1340,0,1,0,1,0.953
1341,1,1,0,0,0.895
1342,1,1,0,1,-0.375
1343,0,0,0,0,-0.192
1344,1,0,0,0,0.444
1345,0,1,1,0,0.895
1346,1,0,0,0,0.091
1347,0,1,0,0,-0.584
1348,1,1,0,0,-0.543
1349,0,0,1,1,0.091
1350,0,1,1,0,0.091
1351,1,1,0,1,2.502
1352,0,1,0,0,0.091
1353,1,0,0,0,0.091
1354,1,1,0,0,0.895
1355,1,1,0,0,0.895
1356,1,0,0,0,-0.673
1357,1,0,0,0,-0.559
1358,0,0,0,0,0.091
1359,1,1,0,0,0.091
1360,0,0,0,0,-3.917
1361,1,0,0,0,-1.477
1362,0,1,0,0,-0.053
1363,1,0,0,0,0.669
1364,0,1,0,1,-0.315
1365,1,1,0,0,0.895
1366,1,0,0,0,0.895
1367,0,0,0,1,-1.485
1368,1,1,0,0,0.091
1369,1,0,0,1,0.895
1370,0,1,0,0,-0.02
1371,1,1,0,1,1.136
1372,0,1,0,0,0.091
1373,0,1,0,0,-0.529
1374,0,1,0,0,0.091
1375,0,0,0,1,0.233
1376,1,1,0,0,0.444
1377,1,1,0,0,0.091
1378,0,1,0,1,0.421
1379,1,1,0,0,-0.286
1380,1,1,0,0,1.136
1381,0,0,0,0,0.091
1382,1,0,0,1,-1.349
1383,1,0,0,0,0.091
1384,0,1,0,0,1.136
1385,0,1,0,0,1.136
1386,0,0,0,0,-0.688
1387,1,0,0,0,1.448
1388,0,0,0,0,2.092
1389,1,0,0,0,-0.192
1390,1,0,0,0,0.219
1391,1,1,0,1,0.895
1392,1,1,1,0,-0.192
1393,1,1,0,1,-1.254
1394,0,0,0,0,1.136
1395,0,1,0,1,0.091
1396,0,1,0,0,0.895
1397,1,1,0,0,-0.526
1398,1,0,0,1,0.091
1399,1,0,0,0,-0.359
1400,0,1,0,0,0.895
1401,1,0,1,1,0.091
1402,1,1,0,0,0.895
1403,1,0,0,1,-2.555
1404,1,0,0,0,-0.192
1405,0,0,0,0,0.895
1406,0,0,0,0,-0.356
1407,1,1,0,0,0.895
1408,0,1,0,1,1.136
1409,1,1,0,0,-0.979
1410,1,1,0,0,-0.864
1411,1,0,0,0,0.895
1412,1,1,0,0,0.091
1413,0,1,0,1,-0.275
1414,0,0,0,0,-1.485
1415,0,1,0,0,0.895
1416,0,1,0,0,-0.242
1417,0,0,0,0,-0.131
1418,1,1,0,0,-1.316
1419,1,1,0,0,0.091
1420,1,1,0,0,0.091
1421,1,0,0,0,-2.275
1422,0,0,0,0,0.091
1423,0,1,0,0,0.091
1424,0,0,0,0,-0.292
1425,1,0,0,1,0.091
1426,0,1,0,0,-3.017
1427,0,1,0,0,0.895
1428,1,1,0,0,0.091
1429,0,0,0,0,0.091
1430,0,1,0,1,0.091
1431,1,0,0,0,0.237
1432,0,1,0,0,-0.759
1433,1,1,0,1,0.895
1434,1,0,0,0,0.091
1435,1,1,0,0,0.091
1436,0,1,1,0,0.091
1437,1,1,0,0,0.895
1438,0,1,0,1,0.091
1439,0,0,0,0,0.895
1440,1,1,0,1,1.698
1441,0,0,0,0,-0.997
1442,1,0,0,1,-0.748
1443,0,0,0,0,0.091
1444,0,0,0,0,0.895
1445,0,0,0,0,0.895
1446,0,0,0,0,0.895
1447,0,1,0,1,-0.464
1448,1,1,0,0,0.091
1449,1,1,0,0,0.783
1450,1,1,1,0,0.091
1451,1,1,0,1,-0.192
1452,0,0,1,1,-0.131
1453,1,0,0,1,1.136
1454,1,1,0,0,0.091
1455,1,0,1,0,0.895
1456,1,0,0,0,0.091
1457,1,1,0,0,0.895
1458,0,1,0,1,0.895
1459,0,0,0,0,0.895
1460,1,0,0,0,1.698
1461,0,0,0,0,0.091
1462,0,0,0,0,-2.122
1463,0,0,0,1,0.895
1464,1,1,1,0,1.136
1465,1,1,0,0,0.895
1466,0,0,0,0,-0.559
1467,0,1,0,1,-0.743
1468,0,0,0,0,0.639
1469,0,1,0,0,0.091
1470,0,1,0,0,-0.318
1471,1,1,0,0,0.091
1472,0,0,0,0,0.669
1473,1,1,0,1,-0.979
1474,1,1,0,0,0.091
1475,1,1,0,0,0.091
1476,1,0,0,1,-0.198
1477,1,1,0,0,-0.375
1478,1,0,0,0,0.953
1479,0,0,0,0,-0.023
1480,0,1,0,0,0.783
1481,0,1,0,0,1.698
1482,0,1,0,1,-0.584
1483,1,1,0,1,-0.715
1484,1,1,0,1,-0.192
1485,1,0,0,1,-0.093
1486,0,1,0,0,0.895
1487,1,0,0,1,-0.192
1488,1,0,0,1,-0.422
1489,1,0,0,0,-0.192
1490,0,1,0,0,-1.938
1491,1,0,0,1,2.465
1492,1,1,0,0,0.091
1493,0,0,0,0,0.895
1494,1,0,0,1,2.465
1495,1,1,0,0,0.895
1496,1,0,0,1,1.698
1497,0,0,0,0,0.895
1498,1,0,0,1,0.091
1499,1,0,1,1,0.895
1500,1,1,0,1,0.091
1501,1,0,0,0,-0.134
1502,1,1,0,0,1.698
1503,1,1,0,0,1.136
1504,1,1,0,0,-0.359
1505,0,1,0,0,-0.176
1506,0,1,0,0,0.769
1507,1,0,0,1,1.136
1508,0,1,0,0,0.091
1509,1,0,0,0,-1.035
1510,0,0,0,1,-0.192
1511,0,0,0,1,-3.467
1512,1,0,0,0,-0.006
1513,0,0,0,0,0.895
1514,1,1,0,0,-0.131
1515,0,1,0,1,-0.198
1516,0,1,0,0,0.895
1517,1,1,0,1,0.091
1518,0,1,0,0,0.444
1519,1,0,1,1,0.895
1520,1,0,0,0,0.895
1521,1,1,0,1,0.895
1522,1,1,0,0,0.091
1523,0,0,0,1,2.465
1524,0,1,0,1,0.091
1525,1,0,0,0,-0.898
1526,0,0,0,0,0.414
1527,0,1,0,0,0.091
1528,1,1,0,1,0.444
1529,1,1,0,0,0.091
1530,1,0,0,0,-0.131
1531,0,0,0,0,-2.847
1532,0,1,0,0,-0.979
1533,0,0,0,1,0.895
1534,0,1,0,0,1.698
1535,1,1,0,1,-0.192
1536,1,1,0,0,0.198
1537,1,0,0,0,-0.918
1538,0,0,0,0,0.895
1539,0,0,0,0,-0.192
1540,0,1,0,0,-0.687
1541,1,1,0,0,-0.375
1542,0,1,0,0,-0.788
1543,0,1,0,0,-0.242
1544,1,0,0,0,0.895
1545,1,1,0,1,0.091
1546,0,1,0,0,-1.035
1547,0,1,0,0,-3.584
1548,1,0,0,1,0.895
1549,0,1,0,0,0.895
1550,0,0,0,0,-1.763
1551,0,0,0,1,-1.278
1552,1,0,0,1,2.465
1553,1,1,0,0,1.136
1554,0,1,0,0,0.414
1555,0,1,0,0,0.091
1556,0,0,0,1,-0.318
1557,1,1,0,0,-0.134
1558,1,1,0,0,-0.134
1559,1,1,0,0,0.895
1560,0,0,0,1,0.465
1561,1,0,0,0,-0.533
1562,1,1,1,0,0.895
1563,1,1,0,0,-0.309
1564,0,1,0,0,0.091
1565,1,0,0,0,1.136
1566,0,0,0,1,-0.192
1567,1,1,0,0,0.091
1568,0,0,0,0,0.091
1569,0,0,0,0,0.895
1570,0,1,0,1,-0.164
1571,1,0,0,0,1.136
1572,1,0,1,1,0.091
1573,1,1,0,0,0.091
1574,1,1,0,1,0.895
1575,1,1,0,0,0.091
1576,1,1,0,0,-0.242
1577,0,1,0,0,-1.927
1578,0,1,0,0,-0.642
1579,1,0,0,0,-0.584
1580,1,0,0,1,0.091
1581,0,0,0,0,0.091
1582,0,0,0,0,0.895
1583,0,0,0,0,-0.611
1584,1,1,0,0,0.091
1585,0,1,0,0,0.895
1586,1,0,0,0,-0.192
1587,0,1,0,1,-0.192
1588,1,0,0,0,0.091
1589,1,0,0,0,0.091
1590,0,1,0,0,-4.484
1591,1,0,0,0,-2.167
1592,0,1,0,0,-0.725
1593,1,1,0,0,-1.485
1594,0,1,0,0,0.091
1595,0,0,0,0,0.091
1596,1,0,1,1,0.091
1597,0,0,0,0,-2.111
1598,1,0,0,0,-1.824
1599,0,0,0,0,-0.584
1600,0,0,0,1,0.091
1601,1,1,0,1,1.136
1602,0,0,0,0,0.091
1603,0,0,0,1,1.136
1604,1,1,0,0,-1.451
1605,0,0,0,0,-0.192
1606,0,0,0,1,-0.559
1607,0,1,0,0,0.561
1608,1,0,0,1,-3.209
1609,1,0,0,0,0.444
1610,1,1,0,0,1.698
1611,1,1,1,1,0.769
1612,0,1,0,0,-0.192
1613,1,1,0,0,0.091
1614,0,0,1,1,-0.571
1615,0,0,0,0,-0.192
1616,0,1,0,0,-0.134
1617,0,0,0,1,-1.289
1618,0,0,0,0,-1.953
1619,1,0,0,0,-0.791
1620,1,1,0,1,-2.622
1621,1,0,0,1,0.091
1622,0,0,0,1,-0.192
1623,0,0,0,1,0.336
1624,1,1,0,0,0.895
1625,0,0,0,1,0.049
1626,1,1,0,0,1.136
1627,0,0,0,0,0.091
1628,0,0,0,0,-0.926
1629,1,1,0,0,0.091
1630,0,0,0,0,-3.147
1631,1,0,0,1,0.669
1632,1,0,0,1,1.698
1633,0,1,0,0,0.156
1634,1,0,0,1,-0.242
1635,0,0,1,1,-0.42
1636,0,1,0,0,-0.242
1637,1,0,0,0,0.444
1638,1,0,0,0,-1.546
1639,1,1,0,1,0.091
1640,0,1,1,0,0.091
1641,1,1,0,0,-0.137
1642,1,0,0,0,1.136
1643,0,1,0,0,-0.242
1644,1,1,0,1,0.091
1645,1,1,0,0,-0.387
1646,1,0,0,0,0.091
1647,0,1,0,0,0.895
1648,0,1,0,0,-0.581
1649,1,1,1,0,0.091
1650,1,1,0,0,-0.81
1651,1,1,0,1,0.895
1652,1,1,0,1,-0.81
1653,0,0,0,0,0.895
1654,1,1,0,0,-1.224
1655,0,1,0,0,0.091
1656,1,0,0,0,1.136
1657,1,1,0,1,-0.275
1658,0,1,0,0,0.561
1659,0,1,0,0,0.091
1660,0,0,0,1,-0.754
1661,1,0,0,0,-0.131
1662,0,0,0,1,0.895
1663,1,0,0,1,0.895
1664,0,1,1,0,-1.485
1665,1,0,0,0,0.091
1666,1,1,0,1,0.091
1667,0,0,0,0,-0.682
1668,1,1,0,0,-0.604
1669,0,0,0,1,-0.359
1670,1,0,0,0,0.402
1671,1,1,0,0,0.895
1672,1,1,0,1,-0.345
1673,0,0,0,0,-2.622
1674,1,0,0,0,0.091
1675,0,0,0,0,-1.202
1676,0,1,0,0,0.669
1677,0,0,0,1,-0.192
1678,0,0,0,1,1.136
1679,1,1,0,0,-0.131
1680,0,1,0,0,1.136
1681,0,0,0,0,0.091
1682,0,1,0,0,0.895
1683,0,1,0,0,0.091
1684,0,0,0,1,0.895
1685,0,1,0,0,0.091
1686,1,1,0,0,0.895
1687,1,1,0,0,0.895
1688,0,1,0,1,1.136
1689,0,1,0,0,0.5
1690,1,1,0,0,0.091
1691,1,0,0,0,-0.192
1692,0,0,0,1,-0.062
1693,0,0,0,0,1.136
1694,1,0,0,0,-0.504
1695,0,0,0,1,-0.359
1696,1,1,0,1,-1.876
1697,1,0,0,0,-1.593
1698,1,0,0,0,0.091
1699,0,1,0,0,0.714
1700,0,1,0,1,0.932
1701,0,1,0,0,0.606
1702,1,1,0,0,0.091
1703,1,1,0,1,0.159
1704,0,1,0,0,0.895
1705,1,1,0,1,0.895
1706,1,1,0,1,-0.304
1707,1,0,1,0,1.136
1708,1,0,0,0,0.111
1709,0,1,0,1,2.16
1710,0,1,0,0,0.091
1711,0,0,0,1,-4.715
1712,0,1,0,0,0.783
1713,1,1,0,0,2.281
1714,1,0,0,1,0.895
1715,1,1,0,0,-0.359
1716,0,1,0,0,1.698
1717,1,1,0,1,1.136
1718,0,0,0,1,-0.359
1719,0,0,0,1,0.895
1720,1,0,0,1,-0.067
1721,0,0,0,0,0.292
1722,1,0,0,1,0.769
1723,1,0,0,1,-1.374
1724,0,1,0,1,1.136
1725,1,0,1,1,0.091
1726,1,0,0,0,0.895
1727,0,0,0,1,0.091
1728,1,1,0,0,1.136
1729,1,1,0,0,0.091
1730,1,1,0,1,0.895
1731,1,0,0,0,-1.22
1732,1,1,0,0,0.558
1733,1,0,0,0,0.091
1734,0,1,0,0,-0.245
1735,1,1,0,0,-0.131
1736,0,0,0,0,-0.023
1737,0,1,0,0,0.091
1738,0,0,0,0,-1.477
1739,1,1,0,0,0.669
1740,0,0,0,0,0.091
1741,0,0,0,0,0.091
1742,1,0,0,1,0.091
1743,1,0,0,1,0.05
1744,0,0,0,1,1.698
1745,1,0,0,0,1.136
1746,1,1,0,0,0.091
1747,0,0,0,0,-2.372
1748,0,1,0,1,-1.319
1749,1,1,0,1,-0.675
1750,1,1,0,0,0.091
1751,1,1,0,1,0.091
1752,1,0,0,0,0.091
1753,0,1,0,1,1.136
1754,0,1,0,1,-0.192
1755,1,0,0,1,0.219
1756,1,0,0,0,0.895
1757,0,0,0,0,0.895
1758,0,0,0,1,-0.981
1759,0,1,0,0,0.895
1760,1,0,0,1,0.895
1761,0,0,0,0,-0.564
1762,0,1,0,0,-0.192
1763,1,0,0,0,0.769
1764,0,1,0,0,1.698
1765,0,0,0,0,-1.035
1766,1,1,0,1,-1.714
1767,0,1,0,0,0.091
1768,0,1,0,0,1.136
1769,0,0,0,1,-0.131
1770,1,1,0,0,0.895
1771,0,1,0,0,2.502
1772,1,1,0,1,0.895
1773,0,0,0,1,-0.979
1774,0,0,0,0,0.091
1775,0,0,0,0,0.769
1776,0,0,0,1,-1.091
1777,1,1,0,0,1.136
1778,0,0,0,0,-0.559
1779,1,1,0,0,0.628
1780,0,0,0,1,2.465
1781,1,0,0,0,0.444
1782,1,1,0,0,0.091
1783,1,0,0,0,-0.192
1784,1,0,0,0,-0.192
1785,0,1,0,0,-0.093
1786,0,1,0,0,-0.359
1787,0,0,1,1,-1.579
1788,0,0,0,0,0.219
1789,0,0,0,0,0.561
1790,0,0,0,0,0.091
1791,1,1,0,0,0.895
1792,0,1,0,0,-0.687
1793,1,1,0,1,0.091
1794,0,0,0,1,-0.611
1795,0,0,0,0,-0.584
1796,0,1,0,1,0.219
1797,1,1,0,0,-0.192
1798,0,1,0,0,0.091
1799,1,0,0,1,-3.044
1800,1,0,0,0,0.585
1801,0,1,0,0,0.895
1802,1,1,0,0,-0.526
1803,1,0,0,0,-0.131
1804,1,1,0,0,0.895
1805,1,0,0,1,0.091
1806,0,1,0,0,0.895
1807,1,0,0,0,1.136
1808,0,0,1,1,0.091
1809,0,0,0,0,0.895
1810,0,1,0,1,-0.423
1811,0,1,0,0,-1.035
1812,0,1,0,0,-0.149
1813,1,1,0,1,0.895
1814,1,0,0,0,-0.926
1815,1,0,0,0,-0.981
1816,0,0,0,1,0.783
1817,1,0,0,1,0.895
1818,0,1,0,0,-0.198
1819,1,0,0,1,0.895
1820,0,0,0,0,-1.824
1821,0,0,1,0,0.895
1822,0,1,0,1,0.895
1823,0,0,0,0,-0.47
1824,0,1,0,0,0.091
1825,1,1,0,0,0.402
1826,0,1,0,0,0.895
1827,1,1,0,0,1.698
1828,0,0,0,0,0.672
1829,0,0,0,1,1.698
1830,1,0,0,0,1.136
1831,1,1,0,1,0.953
1832,0,0,0,1,-0.192
1833,1,1,0,0,0.895
1834,1,1,0,0,-0.02
1835,1,1,0,1,-1.549
1836,1,0,0,1,0.091
1837,0,0,0,1,0.091
1838,0,1,0,0,-0.131
1839,1,1,0,1,0.895
1840,1,1,0,0,-0.438
1841,0,1,0,0,0.895
1842,1,0,0,0,0.091
1843,0,1,0,0,-0.134
1844,0,1,0,0,-1.146
1845,1,1,0,0,0.049
1846,0,0,0,1,0.444
1847,0,0,0,0,-0.926
1848,0,1,0,0,-0.584
1849,1,0,0,0,0.091
1850,0,1,0,1,0.895
1851,1,0,0,0,-0.131
1852,1,0,0,1,-0.149
1853,0,1,0,0,0.895
1854,1,0,0,0,-0.359
1855,0,1,0,0,-0.192
1856,0,0,0,1,0.953
1857,0,1,0,0,0.895
1858,1,0,0,1,1.136
1859,1,0,1,1,0.219
1860,1,1,0,1,-1.146
1861,0,0,0,1,-2.805
1862,1,1,0,0,0.091
1863,0,0,0,0,0.895
1864,1,1,0,0,0.895
1865,1,1,0,0,-0.242
1866,0,0,0,0,-0.176
1867,0,0,0,1,0.091
1868,1,1,0,0,0.606
1869,1,0,0,0,-0.192
1870,1,0,1,1,0.895
1871,0,1,0,0,-1.716
1872,0,0,0,0,0.895
1873,1,0,0,0,0.091
1874,1,1,0,0,3.793
1875,1,1,0,0,1.136
1876,0,0,0,0,-0.279
1877,0,0,0,1,-0.415
1878,0,0,0,1,-1.22
1879,1,0,0,0,-0.637
1880,0,0,0,0,1.136
1881,0,1,0,0,0.444
1882,0,1,0,0,1.136
1883,0,1,0,1,-0.192
1884,0,0,0,1,-1.458
1885,0,1,0,0,0.669
1886,1,0,1,1,-0.743
1887,1,0,0,1,-1.524
1888,1,0,0,0,-0.559
1889,0,0,0,0,-0.192
1890,0,1,0,0,0.091
1891,0,0,0,0,-0.192
1892,0,1,0,1,0.219
1893,0,1,0,1,-0.42
1894,1,0,0,1,0.953
1895,1,0,0,0,0.091
1896,1,1,0,0,0.091
1897,0,1,0,1,-0.309
1898,0,1,0,1,1.473
1899,1,0,0,0,0.091
1900,0,0,0,0,-1.829
1901,1,0,0,1,0.444
1902,0,0,0,1,0.895
1903,0,1,0,0,0.091
1904,1,0,0,0,-0.388
1905,0,1,0,0,0.091
1906,1,0,0,1,2.465
1907,0,1,0,0,0.895
1908,0,0,0,1,-0.359
1909,0,1,0,1,-0.192
1910,0,0,0,0,0.769
1911,1,1,0,1,0.091
1912,1,0,0,1,0.091
1913,1,0,0,1,0.895
1914,0,0,0,0,0.194
1915,0,0,0,1,0.091
1916,1,1,0,1,-0.743
1917,0,1,0,0,0.769
1918,1,0,0,0,-0.895
1919,0,0,0,1,-0.359
1920,1,1,1,1,0.895
1921,0,0,0,0,-0.526
1922,0,0,0,0,0.091
1923,0,1,0,0,1.136
1924,1,0,0,1,0.091
1925,0,1,0,0,-0.131
1926,1,1,0,0,0.895
1927,0,1,0,0,0.091
1928,0,0,0,1,-0.192
1929,1,1,0,1,0.75
1930,0,0,0,0,-0.652
1931,0,1,0,0,-2.958
1932,1,0,0,1,-2.569
1933,0,1,0,0,0.895
1934,1,1,0,0,0.091
1935,1,0,0,0,0.091
1936,0,0,0,0,-0.64
1937,0,1,1,0,0.895
1938,0,0,0,0,0.895
1939,1,1,0,0,0.895
1940,0,1,0,0,0.091
1941,0,0,0,0,0.895
1942,1,0,0,1,-0.192
1943,0,1,0,0,0.091
1944,1,1,0,1,-0.754
1945,1,1,0,1,0.895
1946,1,0,0,0,0.091
1947,0,1,0,0,0.091
1948,0,1,0,0,0.895
1949,1,0,0,1,1.698
1950,0,1,0,0,0.091
1951,1,0,0,1,1.698
1952,0,1,0,0,1.136
1953,0,0,0,0,-0.192
1954,1,0,1,1,0.895
1955,0,0,0,1,0.273
1956,0,0,0,0,-1.265
1957,1,1,0,0,-0.315
1958,0,0,0,0,0.091
1959,0,1,1,0,-0.918
1960,1,0,0,1,0.091
1961,0,1,0,0,0.895
1962,0,0,0,1,-0.645
1963,0,0,0,0,-0.645
1964,1,1,0,0,0.895
1965,0,0,0,0,-0.292
1966,1,1,0,0,0.091
1967,1,1,1,0,0.091
1968,1,1,0,0,1.136
1969,0,1,0,0,-0.359
1970,0,1,0,0,0.895
1971,0,0,0,0,-0.788
1972,0,0,0,0,0.091
1973,1,1,0,0,0.447
1974,1,1,0,0,-2.451
1975,1,0,0,1,-1.41
1976,0,0,0,0,-0.192
1977,1,1,0,0,0.895
1978,1,1,0,0,0.895
1979,0,0,1,1,0.091
1980,1,0,0,0,-0.832
1981,0,0,0,1,0.895
1982,0,1,0,1,1.136
1983,1,0,0,0,-0.43
1984,0,1,0,1,1.136
1985,1,0,0,0,-0.192
1986,0,0,0,1,-3.753
1987,1,1,0,0,0.444
1988,1,0,0,1,0.895
1989,1,0,0,0,0.091
1990,1,0,0,0,0.895
1991,1,0,0,0,0.769
1992,0,1,0,0,0.895
1993,0,0,0,1,1.136
1994,1,1,1,0,0.091
1995,0,0,0,0,-1.885
1996,0,0,0,1,-0.359
1997,0,0,0,0,1.587
1998,1,0,0,1,-3.303
1999,1,0,1,0,0.091
2000,1,0,0,0,-0.192
